{"is_source_file": false, "format": "", "description": "", "external_files": [], "external_methods": [], "published": [], "classes": [], "methods": [], "calls": [], "search-terms": ["HTML", "Database Viewer", "index.html", "UI layout", "client-side", "JavaScript functions", "database list", "table display", "data rendering", "interactive table", "responsive design"], "state": 2, "file_id": 4, "knowledge_revision": 12, "git_revision": "4cc0b9fbdccfe023afda08f86326a986a4680d41", "hash": "ee63333a4841bf025439c755a74c9881", "format-version": 4, "code-base-name": "database", "filename": "database/db_visualizer/public/index.html", "revision_history": [{"12": "4cc0b9fbdccfe023afda08f86326a986a4680d41"}]}