{"is_source_file": true, "format": "bash script", "description": "Startup script for managing MongoDB server, including checks for existing instances, starting the server, setting up users and database, and configuring environment variables.", "external_files": ["db_connection.txt", "db_visualizer/mongodb.env", "/var/lib/mongodb/mongod.log"], "external_methods": ["mongosh", "pgrep", "lsof", "pkill", "sleep", "echo", "cat", "sudo"], "published": [], "classes": [], "methods": [], "calls": ["mongosh", "pgrep", "lsof", "pkill", "sleep", "echo", "cat"], "search-terms": ["MongoDB", "startup", "script", "database setup", "mongosh", "mongod", "user creation", "port check"], "state": 2, "file_id": 5, "knowledge_revision": 13, "git_revision": "4cc0b9fbdccfe023afda08f86326a986a4680d41", "hash": "5c88115ecb130f24ae6bede778a1f58d", "format-version": 4, "code-base-name": "database", "filename": "database/startup.sh", "revision_history": [{"13": "4cc0b9fbdccfe023afda08f86326a986a4680d41"}]}