{"is_source_file": true, "format": "bash", "description": "Universal Database Backup Script that detects the running database (SQLite, PostgreSQL, MySQL, MongoDB) and performs backups accordingly.", "external_files": ["/usr/lib/postgresql/", "/usr/lib/postgresql/{version}/bin", "/var/run/mysqld/mysqld.sock"], "external_methods": ["cp", "ls", "sudo -u postgres pg_isready", "sudo mysqladmin ping", "mysqladmin ping", "mysql", "mysqldump", "mongosh", "mongodump"], "published": [], "classes": [], "methods": [], "calls": ["cp", "ls", "sudo -u postgres pg_isready", "sudo mysqladmin ping", "mysqladmin ping", "mysql", "mysqldump", "mongosh", "mongodump"], "search-terms": ["database backup script", "detects and backs up multiple database types", "SQLite backup", "PostgreSQL backup", "MySQL backup", "MongoDB backup", "docker", "port-based database detection"], "state": 2, "file_id": 6, "knowledge_revision": 14, "git_revision": "4cc0b9fbdccfe023afda08f86326a986a4680d41", "hash": "7af9aa35fa4940f934d83f6e2621b732", "format-version": 4, "code-base-name": "database", "filename": "database/backup_db.sh", "revision_history": [{"14": "4cc0b9fbdccfe023afda08f86326a986a4680d41"}]}